Metric,NP,NF,Total,NP,NF,Total,NP,NF,Total,NP,NF,Total
t,-1.538320859651128,1.8243454226994937,1.500862239144971,15.985090268689783,-18.037933524920017,-1.0685945326513508,2.480126399338642,1.7511337530293012,1.2290957251041985,[7.48140702],[7.48140702],[7.48140702]
p,0.1252557256617843,0.07214512408512434,0.13722691478599044,2.8880837766993364e-21,6.127349708015469e-47,0.29122385416570007,0.017072020629293857,0.08833702652482832,0.2263038233131689,[1.94235519e-08],[1.94235519e-08],[1.94235519e-08]
Cv,2.4368704518773985,2.2568801360719113,1.7854547138073291,1.7486358781310711,-1.3457685236726784,0.2336986325027633,0.6011807212406225,0.7761870828940637,0.6677596724143913,[2.93757886],[2.93757886],[2.93757886]
