Metric,NP,NF,Total,NP,NF,Total,NP,NF,Total,NP,NF,Total
t,1.940435612132883,3.501967451410614,1.930358068394107,2.025497352787273,0.9807752722933039,-2.386684483602536,2.025497352787273,0.9807752722933039,4.170392488620299,2.025497352787273,0.9807752722933039,[5.79600712]
p,0.05630317133743324,0.0007941046461782189,0.05738310011980114,0.046669328947080244,0.3304001625247651,0.018906516371645594,0.046669328947080244,0.3304001625247651,8.134440708969988e-05,0.046669328947080244,0.3304001625247651,[2.341366e-07]
Cv,2.9522203141352006,2.2568801360719113,2.4524621762608243,2.8267534070231055,6.358999702914803,0.27369026400060265,2.8267534070231055,6.358999702914803,0.7891538722350331,2.8267534070231055,6.358999702914803,[2.66650981]
