Metric,NP,NF,Total,NP,NF,Total,NP,NF,Total,NP,NF,Total
t,3.222511537334249,5.136249133427319,3.402485562884906,3.277458285993926,1.3826667895882452,-3.3071182064497324,3.277458285993926,1.3826667895882452,7.316952554353865,3.277458285993926,1.3826667895882452,[5.73833295]
p,0.0016108392581272956,1.0144972174301218e-06,0.0008904472419862144,0.0013477744598017528,0.16918749639293407,0.0010838516867508524,0.0013477744598017528,0.16918749639293407,9.232993505035773e-12,0.0013477744598017528,0.16918749639293407,[6.64228756e-08]
Cv,2.630147922272893,2.2568801360719113,2.032421151784932,2.3985970109288615,6.358999702914803,nan,2.3985970109288615,6.358999702914803,0.927479563917715,2.3985970109288615,6.358999702914803,[2.20747378]
